country,w_both_014_tbtotal_nd,i_both_014_tbtotal_nd,absad_a,absad_b,w_both_all_htb_nd,i_both_all_htb_nd,w_both_all_tb_nd,i_both_all_tb_nd,w_both_all_tbtotal_nd,i_both_all_tbtotal_nd,any0
Nigeria,34612.09399188896,2608.13900460689,202982.8947271487,18365.5420422432,57354.114005142,4548.8011118124,180240.874713896,16424.879935038,237594.988719038,20973.6810468504,FALSE
Marshall Islands,2.79674216551647,0.09624967071305,20.30192425806152,2.88869006440749,0.0692672394581921,0.0199271677,23.098666423578,2.9650125674205,23.16793366303619,2.9849397351205003,FALSE
Timor-Leste,167.507951131377,3.6443096555141,1021.817248114006,150.91898346474102,3.75,2.1958544805,1185.57519924538,152.36743863976,1189.32519924538,154.56329312026,FALSE
Papua New Guinea,570.052539574512,12.9947192961598,3179.151053256752,500.309153321856,666.75,82.153175233,3082.45359283127,431.15069738502,3749.20359283127,513.30387261802,FALSE
Libya,81.6349866782094,2.5745772138603997,595.4842648636179,94.932166214619,22.0474385506942,9.7212563401,677.119251541828,87.78548708838,699.1666900925222,97.50674342848,FALSE
North Korea,1693.3434277049294,28.442467107116997,13809.797177957491,2256.22054051651,36.75,139.4272005728,15466.3906056624,2145.2358070508,15503.1406056624,2284.6630076235997,FALSE
Greenland,0,0.00876801515838,7.55999999999999,1.53946382196574,0,0.020017563476,7.55999999999999,1.5282142736481,7.55999999999999,1.5482318371241,TRUE
Iceland,0,0.00918934290581,6.823842619492851,1.45776767356064,0.00103271964750047,0.0514135339,6.82280989984534,1.4155434825665,6.82384261949284,1.4669570164665,TRUE
Sudan,1107.9711341589507,167.562918929793,6863.627000334137,1902.46211570192,635.461408562568,195.0916295001,7336.13672593051,1874.9334051316,7971.598134493078,2070.0250346317,FALSE
Laos,444.25176155192327,26.183380601700996,3146.586165908252,935.62474315097,245.623007661556,78.9517013247,3345.21491979862,882.85642242797,3590.837927460176,961.80812375267,FALSE
Congo,661.265045338178,119.164897261514,4059.4680259215947,1145.70451514465,2449.69649892944,322.2743893477,2271.03657233033,942.59502305847,4720.73307125977,1264.8694124061699,FALSE
Gabon,155.98631593116352,13.2606701712086,1019.4935051346852,325.21657799904,54.4151810224567,108.6645975757,1121.06464004339,229.81265059455,1175.4798210658466,338.47724817025,FALSE
Madagascar,1863.24924802966,323.02236238099397,11628.555595782092,3650.05911949549,1519.31436701011,25.1636483768,11972.4904768016,3947.9178334997,13491.804843811711,3973.0814818765,FALSE
Tanzania,8010.333039737299,2017.70922350279,46896.75002721965,14617.0562038731,25001.4348530038,6222.0223360295,29905.6482139531,10412.743091346,54907.0830669569,16634.7654273755,FALSE
Federated States of Micronesia,1.83519355723335,0.1223789248188,12.46480644276663,4.3121782840595,0,0.3496942733,14.3,4.0848629355783,14.3,4.4345572088783,TRUE
Bangladesh,8790.188810574327,173.432612237015,64264.10986588981,23017.6415405523,232.565728355764,121.0873937424,72821.7329481084,23069.986759047,73054.29867646417,23191.0741527894,FALSE
Ghana,1949.123495283344,369.147054244692,13299.380363645909,5096.8704997745,5100.0675364021,1359.7470964461,10148.4363225272,4106.270457573,15248.5038589293,5466.0175540191,FALSE
Afghanistan,1764.368961602143,304.52661718882996,10365.920051988629,4236.94802388442,173.067246600323,5.9456306292,11957.2217669904,4535.5290104441,12130.289013590724,4541.4746410733005,FALSE
Northern Mariana Islands,0,0.01377728267895,2.6439555097028062,1.04164957880773,0.00447840731766366,0.012356349755000001,2.6439555097028,1.0430705117317,2.648433917020464,1.0554268614867002,TRUE
Cambodia,1073.8309071905167,66.929621550215,7978.549123742348,3598.25644838147,439.775515429395,529.8758261405,8612.60451550347,3135.3102437912,9052.380030932865,3665.1860699317,FALSE
Maldives,1.07828298491275,0.05458323064089,18.47363202890862,7.9308376017661,0.0436049999999999,0.0498251462,19.5083100138214,7.935595686207,19.5519150138214,7.985420832407,FALSE
Malta,0,0.00748177243387,2.00147716925427,0.8460426393427,0.994384272230591,0.0890459573,1.00709289702368,0.76447845447657,2.001477169254271,0.85352441177657,TRUE
Cape Verde,1.87830062356201,0.48246212877933004,62.16509635484734,27.2874691118434,36.6446917291466,3.446949179,27.3987052492628,24.322982061623,64.0433969784094,27.769931240623002,FALSE
Haiti,1213.420742681911,63.355760172733,1417.9689392876248,1118.34435664573,663.698437487093,290.917699972,1967.69124448245,890.78241684646,2631.389681969543,1181.70011681846,FALSE
Cameroon,1547.836669029774,567.383022796457,11586.988198025669,5361.5959089551,6199.59816043421,2635.158366008,6935.22670662123,3293.8205657435,13134.824867055439,5928.978931751501,FALSE
Mauritius,0.4519946495342384,0.10482616024468,31.65390188367799,14.476224967134302,12.9817787704741,1.9784998677,19.1241177627381,12.602551259679,32.1058965332122,14.581051127379,FALSE
Moldova Republic of,7.49243332099217,0.8259328759461699,486.8826798661315,225.05873900583703,181.639196748509,10.6419141469,312.735916438614,215.24275773488,494.375113187123,225.88467188178,FALSE
Angola,3213.10076371695,1123.71019295416,15169.13509573636,7348.4027729177,7220.36041217075,1549.5342026631,11161.8754472826,6922.5787632087,18382.23585945335,8472.1129658718,FALSE
Sierra Leone,573.799780461859,126.261210761066,3503.0943095948287,1781.19900052715,817.002912360421,245.0763658021,3259.89117769627,1662.3838454861,4076.894090056691,1907.4602112882,FALSE
Mozambique,7333.992315434631,5883.82782727179,47069.17606736069,19610.1911381438,33578.9489363004,15708.907605263,20824.2194464949,9785.1113601526,54403.1683827953,25494.0189654156,FALSE
Zambia,3052.592814873494,1921.1163096727112,14376.74879918899,6560.155666545381,12406.3437986353,4908.3300684322,5022.99781542722,3572.9419077858,17429.34161406252,8481.271976218,FALSE
Guinea-Bissau,345.04811905251404,130.274020427789,2162.926203671117,1094.7023192044599,948.797301885774,546.0388926818,1559.17702083786,678.93744695044,2507.974322723634,1224.97633963224,FALSE
Mongolia,75.506408763344,6.341005008283401,569.4791615460493,316.638091109635,1.91372546618433,0.7407798439,643.071844843209,322.23831627401,644.9855703093933,322.97909611791,FALSE
Suriname,2.189687919953827,0.25973456555075,22.93061066680252,13.0415868376842,10.7833672593823,4.9724995897,14.3369313273741,8.3288218135349,25.120298586756398,13.3013214032349,FALSE
Malaysia,70.26185673235557,8.4142868682063,2564.172443093239,1430.25158827321,232.696354474291,190.8810284271,2401.73794535131,1247.7848467143,2634.434299825601,1438.6658751414002,FALSE
Brunei Darussalam,0,0.02530088152051,22.62572047444969,12.670729843425201,0,0.18194945599,22.6257204744497,12.514081268956,22.6257204744497,12.696030724946,TRUE
Liberia,576.305015215632,185.05952589680498,3440.383975470815,2132.1032177572,844.409732657993,217.2149150825,3172.27925802846,2099.9478285715,4016.688990686453,2317.1627436539998,FALSE
Fiji,8.21834406276299,1.09961766276926,56.98520852541831,36.5854594638543,1.48816697097721,1.5797018446,63.7153856172041,36.105375282023,65.20355258818131,37.685077126623,FALSE
Algeria,387.4186769316983,29.850108598609,2884.486893469888,1873.28372545319,34.5888404689301,79.2999537416,3237.31672993266,1823.8338803102,3271.90557040159,1903.1338340518,FALSE
Antigua and Barbuda,0,0.01384200994961,1.1944000499984329,0.85115562571743,0.256540951237911,0.1319308193,1.19440004999843,0.73306681636705,1.450941001236341,0.8649976356670499,TRUE
Guam,0,0.0617970760671,7.17473684044595,4.24731085917895,0.0159097780707707,0.0620260509,7.17473684044595,4.2470818843461,7.1906466185167215,4.3091079352461,TRUE
Uruguay,1.033242090931821,0.52817589650544,93.68492223622725,57.2731178154916,25.6173935999379,11.9014655852,69.1007707272212,45.899828126797,94.7181643271591,57.801293711997,FALSE
Dem. Rep. Congo,9595.37366971933,4448.00658367538,57530.01484006906,36666.9670442255,16414.827081098,6917.2164665123,50710.5614286905,34197.757161388,67125.38850978849,41114.9736279003,FALSE
Sri Lanka,31.419038729500368,3.2488063978131,1147.6992236836165,732.05388001381,11.4245971160923,6.6390634386,1167.69366529702,728.66362297303,1179.1182624131125,735.30268641163,FALSE
Mauritania,132.5106393668982,37.9798449014593,846.0066960810532,600.1595237449,141.441378760104,71.8017597897,837.075956687847,566.33760885666,978.5173354479509,638.13936864636,FALSE
Uzbekistan,39.48534678793014,12.747079338322699,2902.8147430744457,1973.09332782168,322.88798782835,39.9139973934,2619.41210203403,1945.9264097666,2942.30008986238,1985.84040716,FALSE
Thailand,168.995401829424,7.1669285555037,13618.662036399492,9451.77610586931,5426.70558248074,2051.2633064117,8360.95185574817,7407.6797280131,13787.657438228911,9458.9430344248,FALSE
Ukraine,55.6509057287185,11.8185056721329,7046.683969148,4932.52847953747,2119.00696351517,886.5310741494,4983.32791136154,4057.8159110602,7102.334874876709,4944.3469852096005,FALSE
Austria,1.9749337373614,0.14008973085851,77.9552114113808,55.8575456956828,2.11592704259431,2.097693171,77.8142181061479,53.899942255541,79.93014514874221,55.997635426541,FALSE
South Africa,5393.89835199142,6918.897707751201,91971.16408159686,61337.9562055251,72537.0624335883,42943.419082538,24828,25313.434830738,97365.0624335883,68256.85391327599,FALSE
Gambia,82.2519430863717,36.0603205006627,462.719170141615,354.738141392282,149.860051852691,78.5054765677,395.111061375295,312.29298532524,544.9711132279859,390.79846189294,FALSE
Guyana,7.95152791972335,2.86794200542188,130.8322563836341,96.677369404335,33.4817321750722,33.1907153348,105.302052128285,66.354596074957,138.7837843033572,99.545311409757,FALSE
Russian Federation,120.5891618870649,43.5418987267297,16490.17200759348,11879.4544787077,1502.79531888639,902.7604500033,15107.9658505942,11020.235927431,16610.76116948059,11922.9963774343,FALSE
Colombia,145.99268500695828,30.086137588291002,1284.2715980946841,999.64198669091,417.44489829103,170.2278752774,1012.81938481061,859.5002490018,1430.26428310164,1029.7281242791998,FALSE
Latvia,1.2547657305241722,0.10000485734601,88.95867142145204,66.05971759942899,27.454072122631,8.600052214,62.7593650293451,57.559670242775,90.2134371519761,66.159722456775,FALSE
Myanmar,3358.0633782942623,188.58447512925,28139.684748009888,23260.8498720445,4846.40570535899,2900.0493860029,26651.3424209452,20549.384961171,31497.74812630419,23449.434347173898,FALSE
Jordan,0.920343609807556,0.52940065399462,25.772539646730714,19.463849404641,0.120839999999999,0.0416848164,26.6928832565383,19.951565242236,26.813723256538296,19.993250058636,FALSE
Dominican Republic,49.2535933235855,27.599830347106,819.017154505234,632.00353973761,378.714052513498,131.5499113584,489.556695315322,528.05345872632,868.27074782882,659.6033700847199,FALSE
Kenya,2280.58780583541,1471.5503213706497,13922.576788829261,11003.2030926216,7164.77152408469,5120.6170047696,9038.39307057997,7354.1364092227,16203.16459466466,12474.753413992301,FALSE
Kyrgyzstan,17.81576902960135,5.0164319479414,710.491611672413,562.7574806567541,44.1702930857173,21.3050070243,684.137087616298,546.4689055804,728.3073807020153,567.7739126047001,FALSE
Indonesia,13790.94203727019,1038.51684386324,115636.91784432133,102267.9124823568,26493,7012.3906943923,102934.859881591,96294.038631828,129427.859881591,103306.42932622031,FALSE
Lithuania,0.721275784252877,0.14868362229944998,234.30253102421972,190.516589382756,7.78452737756872,5.0475609605,227.239279430904,185.61771204456,235.0238068084727,190.66527300506,FALSE
Djibouti,47.51548043965573,17.6617016443657,335.5244207142017,294.425734022807,35.4849924780587,50.7956278658,347.554908675799,261.29180780137,383.0399011538577,312.08743566717,FALSE
Cuba,1.5518769102442183,0.34184204891157,55.51547850911537,46.89396294109579,10.0848553517829,5.3933675875,46.9825000675767,41.842437402507,57.0673554193596,47.235804990007004,FALSE
Turkmenistan,54.0241453742866,7.7333899656955,402.650591365637,373.43102302568,0,48.0011321133,456.674736739924,333.16328087808,456.674736739924,381.16441299138,TRUE
Venezuela Bolivarian Republic of,63.8017161383001,16.6796554145328,840.7242056037583,747.97785502386,178.876995283396,137.2787640664,725.648926458664,627.378746372,904.5259217420601,764.6575104384,FALSE
Qatar,0,0.09633134771355001,7.11455035854111,6.001782103074699,0.0861286498768894,0.010452430341,7.11455035854111,6.0876610204472,7.200679008418,6.0981134507882,TRUE
El Salvador,8.74296671684767,2.08418745321169,131.81354215620297,118.512899677887,24.0846872568823,20.1839749705,116.471821616168,100.4131121606,140.5565088730503,120.5970871311,FALSE
Peru,167.26357467736912,60.936087647099,2284.9280228577873,2072.74188980775,491.947978171203,192.93596799916,1960.24361936395,1940.7420094557,2452.191597535153,2133.67797745486,FALSE
Saudi Arabia,44.2116057155423,12.0637462922364,617.379452933403,591.51389802777,18.078332658006,28.91580943136,661.591058648945,574.66183488865,679.6693913069511,603.57764432001,FALSE
Panama,46.05466530355372,9.9278925041175,230.888503239598,237.13780876348102,39.1398155281987,47.6474450119,237.803353014953,199.4182562557,276.94316854315167,247.0657012676,FALSE
Guinea,646.1790905947599,344.04947370566094,4849.905437445189,4584.79362881999,1937.79926669347,1271.6652406574,3558.28526134648,3657.1778618683,5496.08452803995,4928.8431025257005,FALSE
Singapore,0,0.13852989586392,75.94039540110866,67.9866454704553,6.04427737948796,4.78147459,69.8961180216207,63.343700776319,75.94039540110866,68.125175366319,TRUE
Chad,938.943746349772,646.76936008523,4723.726413068665,4454.03481729868,2466.34266455735,1198.059146282,3196.32749486108,3902.7450311019,5662.670159418431,5100.8041773839,FALSE
Romania,39.100920896568,6.1956056380512,1099.5667128900488,1040.9359531879,62.6863966961859,27.5842818885,1075.9812370904301,1019.5472769375,1138.667633786616,1047.131558826,FALSE
Belarus,3.30954789242585,0.36041085578094,523.4679422547002,484.404454480061,71.9090420987342,23.7262573995,454.868448048392,461.03860793634,526.7774901471262,484.76486533584,FALSE
Lebanon,6.82887403660551,0.54339179379572,55.83596920663774,58.927275910524,1.41674724324324,3.7390459929,61.248096,55.73162171142,62.66484324324324,59.47066770432,FALSE
Trinidad and Tobago,1.35343768936115,0.29137661044326,25.53980553862214,25.3448703943012,6.22102057600832,7.7793244168,20.672222651975,17.856922587944,26.893243227983323,25.636247004744,FALSE
India,61261.88266576925,11753.0383885068,453042.8539278876,481855.3026018181,36733.7365936563,26771.703074765,477571,466836.63791556,514304.7365936563,493608.34099032497,FALSE
CÃ´te d'Ivoire,927.894530954823,575.243314256489,6559.18433676631,6684.1480397298,2501.81294465184,2098.2224764093,4985.26592306929,5161.168877577,7487.078867721129,7259.3913539863,FALSE
Mexico,124.6104610448768,56.181941423181,3010.288178981595,3025.89260523223,513.015310186287,485.3360630188,2621.88332984019,2596.7384836366,3134.898640026477,3082.0745466554,FALSE
Equatorial Guinea,23.70546429403965,19.393286874332,160.8520256981991,162.16682503841602,121.186061907441,56.8921347784,63.3714280847983,124.66797713435,184.5574899922393,181.56011191275,FALSE
Morocco,213.0595032405425,70.404221080539,3158.5646838513653,3272.5039359648,143.834895578444,156.4459549903,3227.78929151347,3186.4622020551,3371.624187091914,3342.9081570454,FALSE
Georgia,4.709689312961211,1.33539227424019,207.4356882306173,209.44621010269398,54.8179187906152,9.01806561461,157.327458752963,201.76353676232,212.1453775435782,210.78160237693,FALSE
Brazil,282.3531682788685,141.18307358964103,7448.363105585644,7582.2427052866,2200.52798741647,1960.8892361574,5530.18828644804,5762.5365427188,7730.71627386451,7723.4257788762,FALSE
Slovakia,1.42887893401707,0.09052572449327999,30.463555246364198,31.7794261893277,0.0622587602162966,0.0474823416229,31.8301754201649,31.822469572198,31.892434180381194,31.8699519138209,FALSE
Costa Rica,2.42372508017035,0.72544297437415,53.95915791936307,56.155760767166996,7.20796337135507,7.4512592148,49.1749196281783,49.429944526741,56.38288299953337,56.881203741541,FALSE
Pakistan,5821.776972363682,3487.2514854913,39941.33763145357,43269.9446812362,1576.67536688423,344.418338223,44186.439236933,46412.777828504,45763.11460381723,46757.19616672699,FALSE
Bhutan,15.30781888621358,7.6040404446022,129.268881242672,142.19435845877302,23.8904153728924,0.8196328923,120.686284755993,148.97876601108,144.5767001288854,149.79839890338002,FALSE
Solomon Islands,7.82092215251011,2.09407325206223,49.379077847489896,58.251089502586,0,3.7573894617,57.2,56.587773292949,57.2,60.345162754649,TRUE
Armenia,2.73248710700329,0.57491580959201,102.90810836821534,111.020293876069,13.9111964914567,6.080136015538,91.7293989837619,105.51507367012,105.64059547521859,111.595209685658,FALSE
Albania,1.99827039999607,0.13456104972738,9.673162325492491,12.223298512501101,1.52874870952995,0.4113078397,10.1426840159586,11.946551722528,11.67143272548855,12.357859562227999,FALSE
Somalia,1093.2935938384144,797.88498671554,6110.192031547398,6883.22180287898,212.852248824262,503.1940170792,6990.63337656155,7177.9127725154,7203.4856253858125,7681.106789594601,FALSE
Kazakhstan,31.34829451766491,13.2719963300707,1412.6052809133212,1531.702867084636,69.1359630436351,26.2958921556,1374.81761238735,1518.6789712591,1443.953575430985,1544.9748634147002,FALSE
Guatemala,35.384134433420286,23.6702644069816,339.1371538980315,379.125959386705,50.1439528757232,69.1404010946,324.377335455729,333.65582269908,374.5212883314522,402.79622379368,FALSE
Nicaragua,13.264901598411566,4.6777832367098995,166.96509655781813,189.437392106547,28.0019048710788,10.4262502522,152.228093285151,183.68892509106,180.2299981562298,194.11517534326,FALSE
Poland,3.407506143520986,1.52656867249562,559.2828141180333,605.103564830719,18.8065955999115,20.8601608424,543.883724661643,585.76997266081,562.6903202615545,606.63013350321,FALSE
Yemen,223.68709377591006,102.240422012916,1396.7824696486955,1651.91503044171,50.4962956615114,43.8724871572,1569.97326776309,1710.2829652974,1620.4695634246013,1754.1554524546,FALSE
Hungary,0.517484338760848,0.15460863033758,77.22723039098774,84.0593989108999,1.54994012927305,3.1503115551,76.1947746004756,81.063695986137,77.74471472974865,84.21400754123701,FALSE
Slovenia,0,0.041464507502630005,15.551317064562621,16.868442816845896,0.0210711496919809,0.1669546469,15.5302459148706,16.742952677448,15.55131706456258,16.909907324347998,TRUE
Paraguay,31.91863796154636,8.656138257723601,265.5194853376127,321.126147943788,35.1628171525125,76.1752187485,262.275306146646,253.60706745301,297.4381232991585,329.78228620151,FALSE
Portugal,1.96122438307863,0.77484167504731,256.5731957028187,286.334282859795,46.2096226658993,64.6606264651,212.324797419998,222.44849806974,258.5344200858973,287.10912453484,FALSE
Luxembourg,0,0.00871976403708,1.2944117718323152,1.43090116603569,0.387956332689095,0.0644055831,0.90645543914322,1.3752153469728,1.2944117718323152,1.4396209300727998,TRUE
Dominica,0,0.07226511923024,3.3874990223422596,3.73235599522778,0.001449,0.4742269769,3.38749902234226,3.330394137558,3.38894802234226,3.804621114458,TRUE
United Kingdom,9.241324592821936,2.79417966211835,326.4769325869834,386.018140725809,38.1172911282941,29.7878084321,297.600966051511,359.02451195582,335.7182571798051,388.81232038792,FALSE
Bosnia and Herzegovina,2.51713688671872,0.12164804942159001,114.14503074855864,136.320350448204,0.73767898753265,1.3779373988,115.924488647745,135.06406109883,116.66216763527764,136.44199849762998,FALSE
Canada,2.616283567264506,0.88027725737125,122.3063112395005,146.3078405051562,19.3095977478179,24.0455823452,105.612997058947,123.14253541733,124.9225948067649,147.18811776253,FALSE
Turkey,108.64532802461797,27.866375021722,642.8604004765573,859.66110190412,14.6336177755263,10.4543597331,736.872110725648,877.07311719273,751.5057285011743,887.52747692583,FALSE
Viet Nam,1804.761281198615,56.985505945833,15342.14220349219,20341.571214881802,1069.91427318717,1990.0533228828,16076.9892115036,18408.503397945,17146.90348469077,20398.5567208278,FALSE
Malawi,1216.625738670542,2238.98519875661,7656.910649881257,8345.94789221119,6557.39562665717,6484.6765592494,2316.14076189463,4100.2565317184,8873.5363885518,10584.9330909678,FALSE
Tonga,0,0.03997881274715,1.321676999999998,1.5549863026481399,0.002898,0.0908942708,1.321677,1.5040708445953,1.324575,1.5949651153953,TRUE
Estonia,0,0.056038082101710004,28.40331996942931,34.5386871976392,3.29081617721751,5.3238568814,25.1125037922118,29.270868398341,28.40331996942931,34.594725279741,TRUE
Grenada,0,0.024977609122359995,1.03308637892463,1.65476073034935,0.306,0.2458335893,1.03308637892463,1.4339047501717,1.3390863789246301,1.6797383394717,TRUE
Korea Republic of,17.523379818538388,8.7462208823209,2596.536765591509,3276.5964489359403,46.1634371721288,61.7939872106,2567.89670823792,3223.5486826077,2614.060145410049,3285.3426698183,FALSE
Oman,6.01986094762479,0.5600367984404099,18.0292311330565,29.7500574804171,0.492914506421559,1.425521712,23.5561775742597,28.884572566857,24.04909208068126,30.310094278857,FALSE
Germany,3.653024588084946,1.25565432305068,340.1462882083949,436.720610503475,25.9462696991892,17.4686452569,317.85304309729,420.50761956963,343.7993127964792,437.97626482653,FALSE
Japan,1.91734744969222,5.1927522374006,3160.5579314138777,4024.551641978657,11.8899241724878,59.1663924998,3150.58535469109,3970.5780017162,3162.475278863578,4029.7443942160003,FALSE
Bulgaria,2.26161915607113,0.1712146425343,88.16325991077366,115.421138383641,0.316316708839864,0.7998295979,90.1085623580049,114.79252342828,90.42487906684477,115.59235302618,FALSE
Andorra,0,9.907814380300001e-4,0.378,0.48473633896881996,0,0.04448087892348,0.378,0.44124624148336,0.378,0.48572712040684,TRUE
Iran Islamic Republic of,155.46827662581083,15.987114545629899,1281.6106806917642,1832.97807330728,70.5203644411422,245.7177627901,1366.55859287643,1603.2474250628,1437.0789573175723,1848.9651878529,FALSE
Central African Republic,556.152982196466,459.214980499114,4382.046840006849,5897.34271109437,2713.50088391587,2227.6156868184,2224.69893828744,4128.9420047751,4938.19982220331,6356.5576915935,FALSE
Lesotho,513.670441989117,928.843215022643,5434.91002730185,6777.33751425877,4769.48550463279,5377.307535423,1179.09496465818,2328.8731938584,5948.5804692909705,7706.180729281401,FALSE
Tunisia,42.2427576124046,4.9972389394118,200.00098175674097,313.22116896282,5.49479405210866,12.3932784354,236.748945317037,305.82512946683,242.24373936914566,318.21840790223,FALSE
Czech Republic,0,0.22628164428565,39.74202468659026,52.264029284490796,0.790598228373759,2.1642509284,38.9514264582165,50.326060000377,39.74202468659026,52.490310928777,TRUE
China,3732.6582232068704,518.24915700061,34252.77201930008,51005.586727199494,2575.88648562279,2601.528995103,35409.5437568842,48922.306889097,37985.43024250699,51523.8358842,FALSE
Vanuatu,2.20951517114253,0.81617732352232,14.6510597323324,22.2235045435839,0,1.5613282849,16.8605749034749,21.478353582206,16.8605749034749,23.039681867106,TRUE
Belgium,3.52934917325229,0.49017922064704,61.20648772118839,88.632667799995,11.1164381693768,8.4325920942,53.6193987250639,80.690254926441,64.7358368944407,89.122847020641,FALSE
Palestinian Territory Occupied,0,0.26126708866733,1.998296757287914,2.5233736089273,0.0116849999999999,0.1024511232,1.99829675728791,2.6821895743946,2.00998175728791,2.7846406975946,TRUE
Italy,12.76975557109004,1.30762703857259,341.216532291321,492.33399353500903,27.7420915359324,24.4732867099,326.244196326479,469.16833386369,353.9862878624114,493.64162057359,FALSE
Uganda,1929.5767624631808,2434.1043501457602,9971.525225304329,14547.6834834003,6360.93861044067,9078.5164749365,5540.16337732685,7903.2713586095,11901.10198776752,16981.787833545997,FALSE
Ecuador,36.84413741013017,24.370246051048003,758.8713654305784,1117.24999105096,302.32214361921,258.953896848,493.393359221498,882.66634025401,795.715502840708,1141.62023710201,FALSE
Bahrain,0,0.08643208538356,6.012808315958989,10.7640187208713,1.54357589140248,0.644601496,6.01280831595899,10.205849310255,7.55638420736147,10.850450806255,TRUE
United Arab Emirates,5.45303527257512,0.25628670720288,37.1488345137947,64.3710524683097,2.04034914657262,3.0207515891,42.6018697863698,61.606587586412,44.64221893294241,64.62733917551199,FALSE
Australia,2.02905158524527,0.5180992809799401,46.016931933964145,69.1789356833917,3.80900008697161,3.3813423499,44.2369834322378,66.315692614471,48.04598351920941,69.697034964371,FALSE
American Samoa,0,0.01168637424437,0.377621999999999,0.54324787495985,6.11999999999999e-4,0.02730946587,0.377622,0.52762478333423,0.378234,0.5549342492042301,TRUE
United States,20.207994989851258,7.9434745126867,642.1238568495766,965.7937709390781,76.9178441500923,120.9260330966,585.414007689335,852.81121235517,662.3318518394273,973.73724545177,FALSE
Kiribati,9.78388977154404,1.8654192239864,20.186608603419643,43.311090065829994,0.527841477546978,0.2216886765,29.9704983749637,44.954820613317,30.49833985251068,45.176509289817,FALSE
Montenegro,0,0.01430133248236,2.8722833854757206,4.2561680707384,0.298958642122241,0.0499561833,2.57332474335348,4.2205132199208,2.872283385475721,4.2704694032208,TRUE
Spain,8.80106286860943,1.71393967190924,309.1044118059567,471.279004880892,53.6648308599896,65.0103441492,264.240643814576,407.9826004036,317.9054746745656,472.99294455279994,FALSE
Chile,3.8891699329508,5.564662977676569,483.18957493221893,720.4059036573851,19.634387025829,207.2977189023,467.444357839341,518.67284773277,487.07874486517005,725.9705666350701,FALSE
Denmark,0,0.12480379679367,21.353804755526106,32.3727741759969,1.40217749766751,1.8046352844,19.9516272578586,30.69294268839,21.35380475552611,32.497577972790005,TRUE
Iraq,79.9132106950275,51.317100533028,778.251706533839,1268.7612523133298,5.54125298591048,0.8808855567,858.164917228866,1319.1974672897,863.7061702147764,1320.0783528463999,FALSE
Finland,1.44657243388559,0.12203240668620001,36.56224730481745,58.625723172783,0.821507351368215,1.2181939922,37.1873123873348,57.529561587269,38.00881973870301,58.747755579469,FALSE
New Zealand,0.436886234099705,0.13840801088271001,9.90692435519172,16.2702582750165,0.19875909090909,0.9115754024,10.1450514983823,15.497090883499,10.34381058929139,16.408666285899,FALSE
Swaziland,173.8803680314979,397.179687182239,1769.6129863144752,2691.81288625623,1547.80820458387,2292.1346536467,395.685149762106,796.85791979176,1943.493354345976,3088.9925734384597,FALSE
South Sudan,578.2834414581308,604.3340527468,3617.6829926943683,6102.27600477651,756.888917633166,1111.4633305131,3439.07751651933,5595.1467270102,4195.966434152496,6706.6100575233,FALSE
Serbia,1.58105292067774,0.62614882219817,110.94261263876436,180.000263947186,4.90701995225984,18.25521550762,107.616645607182,162.37119726176,112.52366555944184,180.62641276937998,FALSE
Argentina,54.08431281660582,37.361071944051204,751.9908486553556,1258.45158855974,104.60692149609,692.2346203186,701.468239975871,603.57804018519,806.075161471961,1295.81266050379,FALSE
Ireland,0,0.23963156913326,19.368333818652523,32.1292617323391,2.47835291267203,4.2438364378,16.8899809059805,28.125056863672,19.36833381865253,32.368893301472,TRUE
Philippines,727.4867317429301,507.34302959701,13302.31966730877,22958.0700332494,439.5,87.0591622265,13590.3063990517,23378.35390062,14029.8063990517,23465.4130628465,FALSE
Switzerland,0.361590126620398,0.15076695820815,20.335632569888148,35.2884272103707,4.34430209720392,1.541710542,16.3529205993046,33.897483626579,20.69722269650852,35.439194168579,FALSE
Israel,0,0.40053464501419,18.11863461421604,31.246161373124302,2.47648873111891,2.2789080767,15.6421458830971,29.367787941438,18.11863461421601,31.646696018137998,TRUE
Ethiopia,4176.263790427965,4323.759831102359,25194.000466411228,47696.5836469562,3929.10795272158,8267.461444525,25441.1563041176,43752.882033534,29370.264256839182,52020.343478059,FALSE
Namibia,175.4494169645938,345.57134632680595,1488.6355400646019,2636.24503440377,880.671376398694,1824.8590521995,783.413580630502,1156.9573285311,1664.084957029196,2981.8163807306,FALSE
Burundi,469.23549381813933,748.49849581121,2865.220672771313,5244.54552225044,659.236632034827,1299.5276400016,2675.21953455462,4693.5163780601,3334.456166589447,5993.0440180617,FALSE
Bolivia Plurinational State of,49.71618844604437,30.335942121808,465.2111419553666,895.41850270085,170.513627275081,41.1859667798,344.41370312633,884.56847804286,514.927330401411,925.7544448226599,FALSE
Senegal,573.3005269189229,430.043245114572,3275.9090891129313,6566.3700807646,406.751498985951,666.2724115468,3442.4581170459,6330.1409143323,3849.209616031851,6996.4133258791,FALSE
Belize,0,0.62017809931206,11.72501298004164,20.869571106900302,3.06869350135353,6.1773003762,8.65631947868811,15.312448830012,11.72501298004164,21.489749206212,TRUE
Nepal,720.4199041137695,337.87967723055,5352.207628264412,11211.7268108915,497.318126838359,307.5571218032,5575.30940553982,11242.049366318999,6072.627532378178,11549.6064881222,FALSE
Niger,659.1753816915593,799.55707722828015,3507.3254904448013,7124.9082439723,368.624330600834,857.3287578836,3797.87654153552,7067.1365633171,4166.500872136354,7924.4653212007,FALSE
Greece,0.664795458352525,0.49846551078603996,93.80205352926616,180.48337258794598,2.59581575333916,8.3287200242,91.8710332342795,172.65311807453,94.46684898761865,180.98183809873,FALSE
Netherlands,1.06771664300535,0.5909210554983401,42.519542314036045,85.2216134419169,9.47732793522267,10.5090429451,34.1099310218187,75.303491552314,43.58725895704137,85.81253449741399,FALSE
Tajikistan,12.043233784472491,13.428779267421799,242.56345521135032,499.460381074228,34.4927359727731,11.4809744573,220.113953023049,501.40818588435,254.60668899582208,512.88916034165,FALSE
Croatia,0.249170894416344,0.11854252950296,33.66158562216334,68.9330083653493,0.854204063924993,1.4844242418,33.0565524526547,67.567126653052,33.910756516579696,69.051550894852,FALSE
Bahamas,0,0.08541307321046,5.516650704155362,11.316870928691,3.61945627886679,2.3772046043,1.89719442528857,9.0250793976014,5.51665070415536,11.4022840019014,TRUE
Jamaica,0,0.34697186117915996,12.633891662963569,26.1430982427176,5.95089651813447,8.6949353169,6.6829951448291,17.795134786997,12.63389166296357,26.490070103897,TRUE
France,5.67691018245567,3.7144476965221704,567.3660595084962,1212.491227099843,55.8585384710121,155.5385259432,517.18443121994,1060.6671488532,573.0429696909522,1216.2056747964,FALSE
Saint Vincent and the Grenadines,0,0.06552989711967,1.63516713436699,3.7472416670897504,0.15341791258589,0.7274247645,1.63516713436699,3.0853467997094,1.7885850469528801,3.8127715642093998,TRUE
Mali,319.4906969074287,293.534398535469,1778.15174845217,4217.5107048739,442.054018034249,881.6288594729,1655.58842732535,3629.4162439364,2097.642445359599,4511.0451034093,FALSE
Botswana,186.2884274508813,238.307676136997,1840.498204141084,4160.37003578729,1435.64143232935,2899.2235243049,591.145199262619,1499.4541876194,2026.7866315919691,4398.6777119243,FALSE
Sao Tome and Principe,0,0.6947371814139199,6.91218349524979,20.4957647948903,2.52473128940664,0.16719963416564,6.91218349524979,21.023302342138,9.43691478465643,21.19050197630364,TRUE
Micronesia Federated States of,1.83519355723335,0.12480379679367,12.46480644276663,32.3727741759969,0,1.8046352844,14.3,30.69294268839,14.3,32.497577972790005,TRUE
Sweden,0,0.19635887816325,30.869066998333672,71.6577957546634,3.46818118744817,1.6952371737,27.4008858108855,70.158917459127,30.869066998333672,71.85415463282699,TRUE
Benin,187.14550667346649,210.682814233476,1141.674593582752,2897.11817587525,291.497059124535,431.6284590544,1037.32304113168,2676.1725310543,1328.820100256215,3107.8009901087003,FALSE
Zimbabwe,954.845024274393,3146.44755191777,7038.492581165095,15929.2360745525,6318.17073470091,12750.193603311,1675.16687073858,6325.4900231593,7993.337605439489,19075.6836264703,FALSE
Cyprus,0,0.0124614559646,1.3189738685058905,3.41411827982681,0.184709933941741,0.1157549572892,1.13426393456415,3.3108247785023,1.3189738685058912,3.4265797357915,TRUE
Puerto Rico,0,0.16286290437931,9.942226797543709,30.764912881798203,1.49924384460487,7.8949955628,9.94222679754371,23.032780223377,11.44147064214858,30.927775786177,TRUE
Syrian Arab Republic,6.57517640967026,3.0036628286682,14.074927214939091,57.357524106835996,0,0.5698198014,20.6501036246094,59.791367134104,20.6501036246094,60.361186935504,TRUE
Norway,0.86266586433519,0.1023656003319,11.114133828375667,35.015169320388196,1.0576522836338,0.8973262251,10.9191474090771,34.22020869562,11.9767996927109,35.117534920720004,FALSE
Togo,84.2878228718581,128.33329563951,580.9019829020789,1837.08831301626,200.900061613028,447.0791312995,464.289744160908,1518.3424773563,665.189805773936,1965.4216086558,FALSE
Samoa,0,0.14294094183687,1.7955,5.4498051666223,0,0.5594574529,1.7955,5.0332886555592,1.7955,5.5927461084592,TRUE
Comoros,8.41443933935839,9.6103674852184,52.6944260081522,193.154531212463,2.9848322771382,4.68832309945,61.1088653475106,198.07657559823,64.0936976246488,202.76489869768,FALSE
Kuwait,0,0.43400667177696,5.46269534135254,18.6701740947878,0.246597747350082,0.11956474801,5.46269534135254,18.984616018555,5.709293088702622,19.104180766564998,TRUE
Eritrea,96.70021824754821,177.381032596201,559.3131932717366,2039.9733786271602,52.9150481486082,177.3842188536,603.098363370677,2039.9701923697,656.0134115192852,2217.3544112233,FALSE
Honduras,9.87630621626536,20.482565827850003,142.5852644639595,501.53970595689003,67.3233246794842,73.4776792676,85.1382460007407,448.54459251714,152.4615706802249,522.02227178474,FALSE
Barbados,0,0.02862260446842,0.948355230060697,3.2919532887005,0,0.4301523128,0.948355230060696,2.890423580369,0.948355230060696,3.320575893169,TRUE
Burkina Faso,274.5856408547138,774.51726014742,1626.9198984713155,5963.96933063116,272.707305756406,1011.6801766995,1628.79823356962,5726.8064140791,1901.5055393260259,6738.486590778601,FALSE
Egypt,102.73603669739076,20.3099818453264,133.33458449379188,878.00250412514,17.6816842569672,14.0003654277,218.388936934215,884.31212054277,236.0706211911822,898.31248597047,FALSE
Saint Lucia,0,0.11841933140841,1.3741906811214442,7.3851890435699,0.41315640515827,0.97906277,1.37419068112144,6.5245456049782,1.78734708627971,7.503608374978199,TRUE
Rwanda,96.4577105967827,475.371300362667,620.387106048776,3170.39324878151,276.240058159234,1025.1598574549,440.604758486325,2620.6046916893,716.844816645559,3645.7645491442,FALSE
Macedonia the former Yugoslav Republic of,0,0.25171145730397,8.532969645703028,50.98512054089021,0.0674234109271685,0.5873460944,8.46554623477586,50.649485903794,8.532969645703028,51.236831998194,TRUE
Azerbaijan,2.749988827618618,8.5851528661181,55.68737819942947,694.813412753139,20.0132339840537,11.515847328636,38.4241330429944,691.88271829062,58.4373670270481,703.398565619256,FALSE
Seychelles,0,0.01162561687399,0,1.59245228993831,0.00253686615370627,0.2427169253,0,1.3613609815123,0.00253686615370627,1.6040779068123001,TRUE
Bermuda,0,0.00177000675164,0,0.1794114794028,0,0.0280702912,0,0.15311119495442,0,0.18118148615441998,TRUE
Virgin Islands U.S.,0,0.00593638935434,0,1.11664053384614,0,0.1364965026,0,0.98608042060049,0,1.1225769232004899,TRUE
